State,State Code,Region,Division
Illinois,IL,Midwest,East North Central
Indiana,IN,Midwest,East North Central
Michigan,MI,Midwest,East North Central
Ohio,OH,Midwest,East North Central
Wisconsin,WI,Midwest,East North Central
Alabama,AL,South,East South Central
Kentucky,KY,South,East South Central
Mississippi,MS,South,East South Central
Tennessee,TN,South,East South Central
New Jersey,NJ,Northeast,Middle Atlantic
New York,NY,Northeast,Middle Atlantic
Pennsylvania,PA,Northeast,Middle Atlantic
Arizona,AZ,West,Mountain
Colorado,CO,West,Mountain
Idaho,ID,West,Mountain
Montana,MT,West,Mountain
New Mexico,NM,West,Mountain
Nevada,NV,West,Mountain
Utah,UT,West,Mountain
Wyoming,WY,West,Mountain
Connecticut,CT,Northeast,New England
Massachusetts,MA,Northeast,New England
Maine,ME,Northeast,New England
New Hampshire,NH,Northeast,New England
Rhode Island,RI,Northeast,New England
Vermont,VT,Northeast,New England
Alaska,AK,West,Pacific
California,CA,West,Pacific
Hawaii,HI,West,Pacific
Oregon,OR,West,Pacific
Washington,WA,West,Pacific
District of Columbia,DC,South,South Atlantic
Delaware,DE,South,South Atlantic
Florida,FL,South,South Atlantic
Georgia,GA,South,South Atlantic
Maryland,MD,South,South Atlantic
North Carolina,NC,South,South Atlantic
South Carolina,SC,South,South Atlantic
Virginia,VA,South,South Atlantic
West Virginia,WV,South,South Atlantic
Iowa,IA,Midwest,West North Central
Kansas,KS,Midwest,West North Central
Minnesota,MN,Midwest,West North Central
Missouri,MO,Midwest,West North Central
North Dakota,ND,Midwest,West North Central
Nebraska,NE,Midwest,West North Central
South Dakota,SD,Midwest,West North Central
Arkansas,AR,South,West South Central
Louisiana,LA,South,West South Central
Oklahoma,OK,South,West South Central
Texas,TX,South,West South Central
